experiment_id,best_cost,dt,edges
0,8.604492093707961,0.06398200988769531,"[(0, 52), (0, 54), (1, 36), (1, 44), (2, 37), (2, 45), (3, 50), (3, 51), (4, 60), (4, 61), (5, 47), (5, 48), (6, 57), (6, 58), (7, 39), (7, 46), (8, 49), (8, 50), (9, 62), (9, 63), (10, 40), (10, 48), (11, 47), (11, 55), (12, 41), (12, 65), (13, 43), (13, 44), (14, 55), (14, 56), (15, 42), (15, 43), (16, 39), (16, 40), (17, 34), (17, 41), (18, 52), (18, 59), (19, 33), (19, 49), (20, 37), (20, 38), (21, 34), (21, 35), (22, 61), (22, 62), (23, 63), (23, 64), (24, 38), (24, 46), (25, 53), (25, 54), (26, 56), (26, 64), (27, 36), (27, 45), (28, 58), (28, 59), (29, 35), (29, 42), (30, 51), (30, 57), (31, 53), (31, 60), (32, 33), (32, 65)]"
1,11.445165023803721,0.02042984962463379,"[(0, 38), (0, 40), (1, 49), (1, 57), (2, 41), (2, 42), (3, 39), (3, 47), (4, 34), (4, 35), (5, 57), (5, 58), (6, 47), (6, 48), (7, 45), (7, 46), (8, 59), (8, 60), (9, 33), (9, 41), (10, 58), (10, 59), (11, 39), (11, 40), (12, 48), (12, 56), (13, 35), (13, 37), (14, 60), (14, 61), (15, 44), (15, 54), (16, 36), (16, 37), (17, 43), (17, 44), (18, 42), (18, 43), (19, 52), (19, 62), (20, 50), (20, 51), (21, 53), (21, 54), (22, 62), (22, 63), (23, 52), (23, 61), (24, 55), (24, 64), (25, 38), (25, 46), (26, 36), (26, 45), (27, 49), (27, 50), (28, 55), (28, 63), (29, 56), (29, 64), (30, 33), (30, 65), (31, 51), (31, 53), (32, 34), (32, 65)]"
2,13.587428478156276,0.01542806625366211,"[(0, 53), (0, 54), (1, 47), (1, 48), (2, 52), (2, 61), (3, 34), (3, 35), (4, 47), (4, 56), (5, 40), (5, 48), (6, 60), (6, 61), (7, 36), (7, 44), (8, 57), (8, 58), (9, 33), (9, 42), (10, 51), (10, 59), (11, 36), (11, 37), (12, 49), (12, 57), (13, 41), (13, 65), (14, 42), (14, 43), (15, 63), (15, 64), (16, 52), (16, 53), (17, 38), (17, 46), (18, 51), (18, 60), (19, 44), (19, 45), (20, 54), (20, 55), (21, 56), (21, 64), (22, 55), (22, 62), (23, 50), (23, 58), (24, 35), (24, 37), (25, 50), (25, 59), (26, 45), (26, 46), (27, 38), (27, 39), (28, 34), (28, 43), (29, 41), (29, 49), (30, 62), (30, 63), (31, 39), (31, 40), (32, 33), (32, 65)]"
3,11.294236208766362,0.040138959884643555,"[(0, 33), (0, 41), (1, 53), (1, 60), (2, 55), (2, 64), (3, 58), (3, 59), (4, 56), (4, 63), (5, 34), (5, 65), (6, 61), (6, 62), (7, 34), (7, 35), (8, 44), (8, 54), (9, 38), (9, 39), (10, 56), (10, 64), (11, 49), (11, 57), (12, 52), (12, 60), (13, 36), (13, 37), (14, 46), (14, 47), (15, 41), (15, 42), (16, 43), (16, 51), (17, 39), (17, 48), (18, 44), (18, 45), (19, 54), (19, 55), (20, 42), (20, 43), (21, 50), (21, 51), (22, 57), (22, 58), (23, 35), (23, 36), (24, 62), (24, 63), (25, 47), (25, 48), (26, 49), (26, 50), (27, 38), (27, 40), (28, 37), (28, 40), (29, 45), (29, 46), (30, 52), (30, 59), (31, 53), (31, 61), (32, 33), (32, 65)]"
4,10.888207619651991,0.04941582679748535,"[(0, 33), (0, 65), (1, 34), (1, 42), (2, 54), (2, 62), (3, 35), (3, 41), (4, 51), (4, 52), (5, 38), (5, 46), (6, 33), (6, 41), (7, 58), (7, 59), (8, 55), (8, 63), (9, 56), (9, 64), (10, 40), (10, 48), (11, 35), (11, 36), (12, 49), (12, 50), (13, 39), (13, 47), (14, 50), (14, 51), (15, 57), (15, 58), (16, 48), (16, 56), (17, 43), (17, 44), (18, 49), (18, 57), (19, 39), (19, 40), (20, 36), (20, 45), (21, 45), (21, 52), (22, 53), (22, 60), (23, 46), (23, 47), (24, 54), (24, 55), (25, 37), (25, 44), (26, 61), (26, 62), (27, 63), (27, 64), (28, 59), (28, 60), (29, 37), (29, 38), (30, 42), (30, 43), (31, 53), (31, 61), (32, 34), (32, 65)]"
5,9.542577620092741,0.0868980884552002,"[(0, 57), (0, 58), (1, 51), (1, 52), (2, 62), (2, 64), (3, 42), (3, 50), (4, 46), (4, 47), (5, 39), (5, 40), (6, 53), (6, 54), (7, 59), (7, 60), (8, 38), (8, 39), (9, 55), (9, 63), (10, 37), (10, 38), (11, 55), (11, 56), (12, 49), (12, 57), (13, 45), (13, 46), (14, 40), (14, 48), (15, 54), (15, 56), (16, 44), (16, 45), (17, 60), (17, 61), (18, 41), (18, 65), (19, 61), (19, 62), (20, 33), (20, 34), (21, 43), (21, 44), (22, 47), (22, 48), (23, 42), (23, 43), (24, 50), (24, 51), (25, 35), (25, 36), (26, 36), (26, 37), (27, 41), (27, 49), (28, 52), (28, 53), (29, 58), (29, 59), (30, 63), (30, 64), (31, 34), (31, 35), (32, 33), (32, 65)]"
6,11.325257381007354,0.07173609733581543,"[(0, 52), (0, 59), (1, 42), (1, 43), (2, 46), (2, 47), (3, 37), (3, 44), (4, 53), (4, 54), (5, 63), (5, 64), (6, 41), (6, 49), (7, 39), (7, 40), (8, 59), (8, 60), (9, 60), (9, 61), (10, 49), (10, 57), (11, 39), (11, 56), (12, 38), (12, 45), (13, 33), (13, 34), (14, 57), (14, 58), (15, 50), (15, 58), (16, 53), (16, 61), (17, 50), (17, 51), (18, 35), (18, 43), (19, 34), (19, 42), (20, 35), (20, 36), (21, 54), (21, 62), (22, 36), (22, 44), (23, 51), (23, 52), (24, 55), (24, 62), (25, 38), (25, 46), (26, 37), (26, 45), (27, 56), (27, 64), (28, 55), (28, 63), (29, 41), (29, 65), (30, 40), (30, 48), (31, 47), (31, 48), (32, 33), (32, 65)]"
7,9.873744939020618,0.013267040252685547,"[(0, 49), (0, 57), (1, 37), (1, 38), (2, 60), (2, 61), (3, 36), (3, 44), (4, 34), (4, 35), (5, 40), (5, 47), (6, 48), (6, 55), (7, 56), (7, 64), (8, 37), (8, 45), (9, 40), (9, 48), (10, 52), (10, 53), (11, 46), (11, 47), (12, 54), (12, 62), (13, 38), (13, 39), (14, 33), (14, 41), (15, 41), (15, 42), (16, 57), (16, 58), (17, 63), (17, 64), (18, 59), (18, 61), (19, 52), (19, 54), (20, 35), (20, 36), (21, 44), (21, 45), (22, 58), (22, 59), (23, 42), (23, 43), (24, 55), (24, 56), (25, 43), (25, 51), (26, 39), (26, 46), (27, 50), (27, 51), (28, 53), (28, 60), (29, 33), (29, 65), (30, 49), (30, 50), (31, 62), (31, 63), (32, 34), (32, 65)]"
8,11.315318668708027,0.08213496208190918,"[(0, 50), (0, 58), (1, 59), (1, 60), (2, 63), (2, 64), (3, 37), (3, 38), (4, 53), (4, 54), (5, 42), (5, 43), (6, 52), (6, 62), (7, 61), (7, 62), (8, 38), (8, 45), (9, 51), (9, 59), (10, 54), (10, 55), (11, 52), (11, 53), (12, 37), (12, 44), (13, 41), (13, 49), (14, 43), (14, 44), (15, 40), (15, 48), (16, 60), (16, 61), (17, 34), (17, 35), (18, 39), (18, 40), (19, 35), (19, 36), (20, 49), (20, 57), (21, 33), (21, 34), (22, 36), (22, 42), (23, 48), (23, 56), (24, 56), (24, 64), (25, 50), (25, 51), (26, 57), (26, 58), (27, 39), (27, 47), (28, 45), (28, 46), (29, 55), (29, 63), (30, 46), (30, 47), (31, 41), (31, 65), (32, 33), (32, 65)]"
9,12.370214206172644,0.012325048446655273,"[(0, 42), (0, 49), (1, 35), (1, 41), (2, 54), (2, 55), (3, 51), (3, 52), (4, 33), (4, 65), (5, 39), (5, 40), (6, 45), (6, 46), (7, 50), (7, 57), (8, 53), (8, 54), (9, 35), (9, 43), (10, 49), (10, 57), (11, 62), (11, 63), (12, 59), (12, 60), (13, 50), (13, 58), (14, 36), (14, 37), (15, 37), (15, 38), (16, 33), (16, 42), (17, 55), (17, 56), (18, 63), (18, 64), (19, 60), (19, 61), (20, 61), (20, 62), (21, 56), (21, 64), (22, 36), (22, 53), (23, 40), (23, 48), (24, 38), (24, 39), (25, 44), (25, 45), (26, 47), (26, 48), (27, 51), (27, 58), (28, 34), (28, 41), (29, 46), (29, 47), (30, 43), (30, 44), (31, 52), (31, 59), (32, 34), (32, 65)]"
10,12.008459766773452,0.014580011367797852,"[(0, 42), (0, 49), (1, 62), (1, 63), (2, 48), (2, 55), (3, 51), (3, 52), (4, 49), (4, 57), (5, 50), (5, 59), (6, 57), (6, 58), (7, 53), (7, 60), (8, 38), (8, 39), (9, 33), (9, 41), (10, 63), (10, 64), (11, 34), (11, 65), (12, 43), (12, 44), (13, 35), (13, 36), (14, 41), (14, 42), (15, 54), (15, 55), (16, 44), (16, 45), (17, 38), (17, 46), (18, 34), (18, 35), (19, 50), (19, 51), (20, 58), (20, 59), (21, 60), (21, 61), (22, 47), (22, 54), (23, 40), (23, 47), (24, 37), (24, 43), (25, 39), (25, 40), (26, 61), (26, 62), (27, 56), (27, 64), (28, 36), (28, 37), (29, 48), (29, 56), (30, 52), (30, 53), (31, 45), (31, 46), (32, 33), (32, 65)]"
11,13.14974711753173,0.137221097946167,"[(0, 46), (0, 51), (1, 34), (1, 35), (2, 42), (2, 43), (3, 60), (3, 61), (4, 56), (4, 64), (5, 41), (5, 65), (6, 53), (6, 62), (7, 57), (7, 59), (8, 35), (8, 36), (9, 54), (9, 62), (10, 49), (10, 58), (11, 49), (11, 50), (12, 52), (12, 53), (13, 43), (13, 44), (14, 38), (14, 39), (15, 44), (15, 45), (16, 36), (16, 37), (17, 59), (17, 60), (18, 63), (18, 64), (19, 45), (19, 47), (20, 55), (20, 63), (21, 37), (21, 38), (22, 57), (22, 58), (23, 33), (23, 34), (24, 52), (24, 61), (25, 39), (25, 40), (26, 41), (26, 42), (27, 46), (27, 47), (28, 40), (28, 48), (29, 50), (29, 51), (30, 48), (30, 56), (31, 54), (31, 55), (32, 33), (32, 65)]"
12,9.860311126358418,0.01693105697631836,"[(0, 51), (0, 61), (1, 58), (1, 59), (2, 53), (2, 54), (3, 37), (3, 38), (4, 56), (4, 64), (5, 46), (5, 47), (6, 52), (6, 53), (7, 40), (7, 48), (8, 36), (8, 43), (9, 49), (9, 57), (10, 46), (10, 55), (11, 37), (11, 45), (12, 47), (12, 48), (13, 59), (13, 60), (14, 34), (14, 42), (15, 60), (15, 61), (16, 44), (16, 45), (17, 63), (17, 64), (18, 33), (18, 34), (19, 62), (19, 63), (20, 51), (20, 52), (21, 41), (21, 42), (22, 36), (22, 44), (23, 39), (23, 40), (24, 38), (24, 39), (25, 41), (25, 50), (26, 35), (26, 65), (27, 55), (27, 56), (28, 35), (28, 43), (29, 57), (29, 58), (30, 54), (30, 62), (31, 49), (31, 50), (32, 33), (32, 65)]"
13,11.515896182129497,0.030612945556640625,"[(0, 39), (0, 40), (1, 45), (1, 46), (2, 38), (2, 46), (3, 50), (3, 52), (4, 39), (4, 47), (5, 36), (5, 37), (6, 56), (6, 64), (7, 62), (7, 63), (8, 48), (8, 56), (9, 49), (9, 50), (10, 54), (10, 55), (11, 37), (11, 38), (12, 62), (12, 64), (13, 54), (13, 61), (14, 42), (14, 51), (15, 33), (15, 34), (16, 49), (16, 57), (17, 34), (17, 42), (18, 35), (18, 36), (19, 57), (19, 58), (20, 51), (20, 52), (21, 53), (21, 61), (22, 45), (22, 47), (23, 53), (23, 60), (24, 58), (24, 59), (25, 33), (25, 65), (26, 43), (26, 44), (27, 55), (27, 63), (28, 35), (28, 44), (29, 40), (29, 48), (30, 41), (30, 43), (31, 59), (31, 60), (32, 41), (32, 65)]"
14,12.14311206672885,0.0708928108215332,"[(0, 50), (0, 58), (1, 61), (1, 63), (2, 37), (2, 44), (3, 53), (3, 54), (4, 51), (4, 52), (5, 40), (5, 53), (6, 49), (6, 50), (7, 37), (7, 38), (8, 59), (8, 60), (9, 43), (9, 44), (10, 40), (10, 48), (11, 46), (11, 47), (12, 55), (12, 56), (13, 41), (13, 65), (14, 41), (14, 42), (15, 51), (15, 57), (16, 35), (16, 36), (17, 39), (17, 47), (18, 63), (18, 64), (19, 45), (19, 52), (20, 58), (20, 59), (21, 36), (21, 45), (22, 61), (22, 62), (23, 49), (23, 57), (24, 56), (24, 64), (25, 34), (25, 35), (26, 60), (26, 62), (27, 54), (27, 55), (28, 42), (28, 43), (29, 38), (29, 46), (30, 39), (30, 48), (31, 33), (31, 34), (32, 33), (32, 65)]"
15,12.174124767401608,0.025445938110351562,"[(0, 49), (0, 50), (1, 37), (1, 38), (2, 41), (2, 65), (3, 50), (3, 51), (4, 42), (4, 43), (5, 34), (5, 35), (6, 55), (6, 56), (7, 52), (7, 59), (8, 37), (8, 44), (9, 62), (9, 63), (10, 45), (10, 46), (11, 60), (11, 61), (12, 40), (12, 48), (13, 44), (13, 45), (14, 52), (14, 58), (15, 59), (15, 64), (16, 40), (16, 47), (17, 57), (17, 58), (18, 55), (18, 60), (19, 36), (19, 39), (20, 46), (20, 47), (21, 33), (21, 34), (22, 61), (22, 62), (23, 43), (23, 51), (24, 63), (24, 64), (25, 38), (25, 39), (26, 54), (26, 56), (27, 49), (27, 57), (28, 35), (28, 36), (29, 53), (29, 54), (30, 48), (30, 53), (31, 41), (31, 42), (32, 33), (32, 65)]"
16,11.306466392896283,0.07292580604553223,"[(0, 33), (0, 41), (1, 42), (1, 43), (2, 36), (2, 44), (3, 48), (3, 56), (4, 53), (4, 54), (5, 35), (5, 36), (6, 39), (6, 47), (7, 55), (7, 64), (8, 53), (8, 61), (9, 60), (9, 61), (10, 38), (10, 39), (11, 34), (11, 65), (12, 51), (12, 59), (13, 40), (13, 47), (14, 34), (14, 42), (15, 57), (15, 58), (16, 54), (16, 62), (17, 56), (17, 63), (18, 35), (18, 43), (19, 49), (19, 57), (20, 63), (20, 64), (21, 40), (21, 48), (22, 41), (22, 50), (23, 52), (23, 60), (24, 51), (24, 52), (25, 49), (25, 50), (26, 38), (26, 46), (27, 37), (27, 46), (28, 55), (28, 62), (29, 44), (29, 45), (30, 58), (30, 59), (31, 37), (31, 45), (32, 33), (32, 65)]"
17,11.492932895399512,0.031501054763793945,"[(0, 56), (0, 64), (1, 55), (1, 56), (2, 42), (2, 57), (3, 51), (3, 52), (4, 35), (4, 43), (5, 58), (5, 59), (6, 45), (6, 46), (7, 53), (7, 54), (8, 36), (8, 37), (9, 33), (9, 41), (10, 47), (10, 48), (11, 34), (11, 65), (12, 43), (12, 44), (13, 34), (13, 35), (14, 54), (14, 55), (15, 44), (15, 45), (16, 41), (16, 42), (17, 38), (17, 39), (18, 49), (18, 57), (19, 50), (19, 58), (20, 59), (20, 60), (21, 39), (21, 40), (22, 62), (22, 63), (23, 61), (23, 62), (24, 37), (24, 38), (25, 51), (25, 53), (26, 49), (26, 50), (27, 60), (27, 61), (28, 40), (28, 48), (29, 63), (29, 64), (30, 47), (30, 52), (31, 36), (31, 46), (32, 33), (32, 65)]"
18,11.99515401394288,0.020303964614868164,"[(0, 47), (0, 55), (1, 56), (1, 64), (2, 54), (2, 63), (3, 59), (3, 60), (4, 53), (4, 62), (5, 55), (5, 56), (6, 57), (6, 58), (7, 36), (7, 43), (8, 41), (8, 65), (9, 47), (9, 48), (10, 40), (10, 46), (11, 36), (11, 44), (12, 52), (12, 61), (13, 42), (13, 43), (14, 33), (14, 34), (15, 63), (15, 64), (16, 34), (16, 35), (17, 58), (17, 59), (18, 35), (18, 51), (19, 37), (19, 38), (20, 61), (20, 62), (21, 52), (21, 60), (22, 50), (22, 51), (23, 40), (23, 48), (24, 53), (24, 54), (25, 44), (25, 45), (26, 37), (26, 45), (27, 39), (27, 46), (28, 49), (28, 57), (29, 41), (29, 42), (30, 49), (30, 50), (31, 38), (31, 39), (32, 33), (32, 65)]"
19,11.484980912048623,0.010845184326171875,"[(0, 41), (0, 42), (1, 59), (1, 60), (2, 50), (2, 57), (3, 33), (3, 34), (4, 51), (4, 58), (5, 45), (5, 46), (6, 34), (6, 35), (7, 39), (7, 40), (8, 36), (8, 37), (9, 56), (9, 64), (10, 63), (10, 64), (11, 42), (11, 50), (12, 54), (12, 55), (13, 47), (13, 48), (14, 38), (14, 48), (15, 38), (15, 39), (16, 51), (16, 59), (17, 53), (17, 54), (18, 46), (18, 47), (19, 53), (19, 60), (20, 52), (20, 61), (21, 49), (21, 58), (22, 44), (22, 45), (23, 35), (23, 36), (24, 61), (24, 62), (25, 37), (25, 40), (26, 55), (26, 56), (27, 43), (27, 44), (28, 62), (28, 63), (29, 43), (29, 52), (30, 33), (30, 65), (31, 49), (31, 57), (32, 41), (32, 65)]"
20,13.503101489368973,0.010781049728393555,"[(0, 37), (0, 45), (1, 49), (1, 57), (2, 33), (2, 41), (3, 35), (3, 44), (4, 39), (4, 46), (5, 55), (5, 56), (6, 57), (6, 58), (7, 52), (7, 53), (8, 61), (8, 62), (9, 34), (9, 42), (10, 58), (10, 59), (11, 41), (11, 51), (12, 60), (12, 61), (13, 48), (13, 56), (14, 52), (14, 54), (15, 54), (15, 62), (16, 36), (16, 44), (17, 53), (17, 59), (18, 40), (18, 48), (19, 63), (19, 64), (20, 39), (20, 47), (21, 42), (21, 43), (22, 37), (22, 38), (23, 35), (23, 43), (24, 40), (24, 47), (25, 50), (25, 51), (26, 60), (26, 64), (27, 55), (27, 63), (28, 49), (28, 50), (29, 34), (29, 65), (30, 38), (30, 46), (31, 36), (31, 45), (32, 33), (32, 65)]"
21,9.333400116535914,0.05540895462036133,"[(0, 35), (0, 36), (1, 40), (1, 48), (2, 58), (2, 59), (3, 53), (3, 55), (4, 51), (4, 52), (5, 38), (5, 39), (6, 60), (6, 61), (7, 44), (7, 45), (8, 54), (8, 62), (9, 37), (9, 38), (10, 36), (10, 37), (11, 46), (11, 47), (12, 47), (12, 56), (13, 50), (13, 51), (14, 42), (14, 43), (15, 33), (15, 34), (16, 56), (16, 64), (17, 34), (17, 35), (18, 59), (18, 60), (19, 46), (19, 48), (20, 39), (20, 40), (21, 53), (21, 54), (22, 55), (22, 63), (23, 63), (23, 64), (24, 49), (24, 50), (25, 57), (25, 58), (26, 43), (26, 44), (27, 41), (27, 42), (28, 33), (28, 65), (29, 45), (29, 52), (30, 49), (30, 57), (31, 61), (31, 62), (32, 41), (32, 65)]"
22,11.336043767848238,0.02161717414855957,"[(0, 57), (0, 58), (1, 54), (1, 62), (2, 53), (2, 61), (3, 38), (3, 46), (4, 50), (4, 51), (5, 59), (5, 60), (6, 55), (6, 56), (7, 41), (7, 51), (8, 38), (8, 39), (9, 56), (9, 64), (10, 49), (10, 57), (11, 63), (11, 64), (12, 49), (12, 50), (13, 46), (13, 47), (14, 35), (14, 42), (15, 44), (15, 45), (16, 61), (16, 62), (17, 33), (17, 41), (18, 48), (18, 55), (19, 33), (19, 65), (20, 42), (20, 43), (21, 36), (21, 37), (22, 52), (22, 60), (23, 54), (23, 63), (24, 34), (24, 35), (25, 40), (25, 47), (26, 36), (26, 45), (27, 58), (27, 59), (28, 43), (28, 44), (29, 37), (29, 39), (30, 52), (30, 53), (31, 40), (31, 48), (32, 34), (32, 65)]"
23,8.417266507748883,0.038848876953125,"[(0, 57), (0, 59), (1, 56), (1, 64), (2, 47), (2, 48), (3, 41), (3, 42), (4, 54), (4, 62), (5, 36), (5, 44), (6, 42), (6, 45), (7, 54), (7, 55), (8, 45), (8, 46), (9, 58), (9, 59), (10, 51), (10, 58), (11, 49), (11, 57), (12, 39), (12, 40), (13, 36), (13, 37), (14, 52), (14, 60), (15, 49), (15, 50), (16, 53), (16, 55), (17, 37), (17, 38), (18, 60), (18, 61), (19, 47), (19, 56), (20, 43), (20, 44), (21, 35), (21, 43), (22, 63), (22, 64), (23, 53), (23, 61), (24, 51), (24, 52), (25, 34), (25, 35), (26, 38), (26, 39), (27, 33), (27, 34), (28, 40), (28, 48), (29, 62), (29, 63), (30, 41), (30, 65), (31, 46), (31, 50), (32, 33), (32, 65)]"
24,10.42607506692209,0.07719922065734863,"[(0, 41), (0, 42), (1, 58), (1, 59), (2, 36), (2, 37), (3, 56), (3, 64), (4, 46), (4, 47), (5, 47), (5, 48), (6, 40), (6, 48), (7, 43), (7, 51), (8, 53), (8, 61), (9, 39), (9, 40), (10, 38), (10, 39), (11, 54), (11, 55), (12, 49), (12, 50), (13, 54), (13, 60), (14, 42), (14, 43), (15, 53), (15, 59), (16, 50), (16, 51), (17, 49), (17, 57), (18, 63), (18, 64), (19, 52), (19, 60), (20, 61), (20, 62), (21, 41), (21, 65), (22, 45), (22, 46), (23, 34), (23, 35), (24, 37), (24, 38), (25, 44), (25, 45), (26, 33), (26, 34), (27, 62), (27, 63), (28, 35), (28, 36), (29, 57), (29, 58), (30, 55), (30, 56), (31, 44), (31, 52), (32, 33), (32, 65)]"
25,9.29657619917367,0.03786206245422363,"[(0, 55), (0, 56), (1, 42), (1, 43), (2, 51), (2, 53), (3, 36), (3, 37), (4, 54), (4, 62), (5, 59), (5, 60), (6, 61), (6, 64), (7, 38), (7, 46), (8, 49), (8, 57), (9, 38), (9, 39), (10, 44), (10, 45), (11, 33), (11, 41), (12, 57), (12, 58), (13, 34), (13, 42), (14, 51), (14, 60), (15, 35), (15, 43), (16, 52), (16, 61), (17, 50), (17, 58), (18, 44), (18, 46), (19, 50), (19, 59), (20, 54), (20, 55), (21, 47), (21, 56), (22, 47), (22, 48), (23, 37), (23, 45), (24, 62), (24, 63), (25, 34), (25, 65), (26, 35), (26, 36), (27, 41), (27, 49), (28, 52), (28, 53), (29, 40), (29, 48), (30, 63), (30, 64), (31, 39), (31, 40), (32, 33), (32, 65)]"
26,11.054898648535993,0.0225369930267334,"[(0, 50), (0, 59), (1, 34), (1, 42), (2, 53), (2, 62), (3, 36), (3, 44), (4, 54), (4, 62), (5, 54), (5, 55), (6, 39), (6, 40), (7, 39), (7, 46), (8, 52), (8, 60), (9, 44), (9, 45), (10, 42), (10, 43), (11, 41), (11, 65), (12, 60), (12, 61), (13, 47), (13, 56), (14, 53), (14, 61), (15, 35), (15, 36), (16, 50), (16, 51), (17, 37), (17, 38), (18, 58), (18, 59), (19, 37), (19, 45), (20, 38), (20, 46), (21, 49), (21, 57), (22, 51), (22, 52), (23, 63), (23, 64), (24, 35), (24, 43), (25, 56), (25, 64), (26, 57), (26, 58), (27, 33), (27, 34), (28, 40), (28, 48), (29, 41), (29, 49), (30, 55), (30, 63), (31, 47), (31, 48), (32, 33), (32, 65)]"
27,11.6838594639978,0.04330897331237793,"[(0, 42), (0, 50), (1, 37), (1, 38), (2, 61), (2, 62), (3, 35), (3, 36), (4, 49), (4, 57), (5, 51), (5, 52), (6, 60), (6, 61), (7, 43), (7, 51), (8, 48), (8, 54), (9, 63), (9, 64), (10, 34), (10, 35), (11, 41), (11, 42), (12, 34), (12, 65), (13, 52), (13, 59), (14, 57), (14, 58), (15, 43), (15, 44), (16, 39), (16, 40), (17, 53), (17, 60), (18, 38), (18, 39), (19, 58), (19, 59), (20, 62), (20, 64), (21, 54), (21, 55), (22, 44), (22, 46), (23, 49), (23, 50), (24, 55), (24, 56), (25, 45), (25, 53), (26, 45), (26, 47), (27, 40), (27, 48), (28, 56), (28, 63), (29, 33), (29, 41), (30, 46), (30, 47), (31, 36), (31, 37), (32, 33), (32, 65)]"
28,10.787578575064744,0.05448293685913086,"[(0, 39), (0, 47), (1, 37), (1, 38), (2, 46), (2, 61), (3, 48), (3, 55), (4, 45), (4, 46), (5, 37), (5, 44), (6, 49), (6, 50), (7, 42), (7, 43), (8, 40), (8, 48), (9, 35), (9, 36), (10, 63), (10, 64), (11, 60), (11, 61), (12, 58), (12, 59), (13, 55), (13, 63), (14, 56), (14, 64), (15, 38), (15, 47), (16, 39), (16, 40), (17, 49), (17, 57), (18, 54), (18, 62), (19, 51), (19, 52), (20, 33), (20, 41), (21, 52), (21, 53), (22, 53), (22, 54), (23, 57), (23, 58), (24, 50), (24, 51), (25, 34), (25, 35), (26, 41), (26, 42), (27, 43), (27, 44), (28, 56), (28, 62), (29, 59), (29, 60), (30, 34), (30, 65), (31, 36), (31, 45), (32, 33), (32, 65)]"
29,10.178158584387123,0.02280402183532715,"[(0, 63), (0, 64), (1, 34), (1, 41), (2, 46), (2, 53), (3, 38), (3, 45), (4, 39), (4, 40), (5, 62), (5, 63), (6, 50), (6, 51), (7, 33), (7, 65), (8, 56), (8, 64), (9, 60), (9, 61), (10, 61), (10, 62), (11, 37), (11, 52), (12, 59), (12, 60), (13, 55), (13, 56), (14, 49), (14, 50), (15, 57), (15, 58), (16, 49), (16, 57), (17, 43), (17, 44), (18, 38), (18, 39), (19, 40), (19, 48), (20, 54), (20, 55), (21, 51), (21, 52), (22, 44), (22, 45), (23, 47), (23, 48), (24, 58), (24, 59), (25, 53), (25, 54), (26, 36), (26, 37), (27, 33), (27, 34), (28, 42), (28, 43), (29, 46), (29, 47), (30, 41), (30, 42), (31, 35), (31, 36), (32, 35), (32, 65)]"
30,9.790945225894237,0.023393869400024414,"[(0, 33), (0, 34), (1, 54), (1, 55), (2, 56), (2, 64), (3, 34), (3, 35), (4, 41), (4, 65), (5, 53), (5, 60), (6, 42), (6, 43), (7, 45), (7, 53), (8, 59), (8, 60), (9, 36), (9, 37), (10, 44), (10, 45), (11, 50), (11, 57), (12, 43), (12, 44), (13, 46), (13, 47), (14, 51), (14, 52), (15, 39), (15, 40), (16, 54), (16, 62), (17, 63), (17, 64), (18, 39), (18, 47), (19, 52), (19, 61), (20, 49), (20, 50), (21, 49), (21, 51), (22, 40), (22, 48), (23, 57), (23, 58), (24, 35), (24, 36), (25, 41), (25, 42), (26, 38), (26, 46), (27, 48), (27, 56), (28, 55), (28, 63), (29, 58), (29, 59), (30, 61), (30, 62), (31, 37), (31, 38), (32, 33), (32, 65)]"
31,9.794260704444635,0.031157970428466797,"[(0, 62), (0, 63), (1, 54), (1, 55), (2, 49), (2, 50), (3, 41), (3, 42), (4, 39), (4, 40), (5, 34), (5, 42), (6, 59), (6, 60), (7, 41), (7, 43), (8, 40), (8, 48), (9, 49), (9, 57), (10, 48), (10, 56), (11, 39), (11, 47), (12, 60), (12, 61), (13, 55), (13, 63), (14, 51), (14, 52), (15, 35), (15, 36), (16, 38), (16, 45), (17, 46), (17, 47), (18, 50), (18, 51), (19, 33), (19, 34), (20, 37), (20, 38), (21, 54), (21, 64), (22, 43), (22, 44), (23, 56), (23, 64), (24, 44), (24, 53), (25, 45), (25, 46), (26, 52), (26, 53), (27, 57), (27, 58), (28, 61), (28, 62), (29, 35), (29, 65), (30, 58), (30, 59), (31, 36), (31, 37), (32, 33), (32, 65)]"
32,11.215052770046288,0.03181099891662598,"[(0, 39), (0, 48), (1, 55), (1, 56), (2, 36), (2, 44), (3, 41), (3, 65), (4, 53), (4, 54), (5, 35), (5, 43), (6, 33), (6, 34), (7, 47), (7, 55), (8, 52), (8, 59), (9, 49), (9, 57), (10, 57), (10, 58), (11, 50), (11, 58), (12, 43), (12, 44), (13, 37), (13, 45), (14, 42), (14, 49), (15, 38), (15, 40), (16, 56), (16, 64), (17, 54), (17, 63), (18, 34), (18, 35), (19, 46), (19, 48), (20, 45), (20, 46), (21, 41), (21, 42), (22, 50), (22, 51), (23, 63), (23, 64), (24, 52), (24, 60), (25, 36), (25, 37), (26, 60), (26, 61), (27, 51), (27, 59), (28, 39), (28, 40), (29, 61), (29, 62), (30, 53), (30, 62), (31, 38), (31, 47), (32, 33), (32, 65)]"
33,10.37576215135261,0.020272016525268555,"[(0, 63), (0, 64), (1, 55), (1, 56), (2, 59), (2, 60), (3, 37), (3, 45), (4, 36), (4, 44), (5, 51), (5, 58), (6, 41), (6, 42), (7, 49), (7, 57), (8, 57), (8, 58), (9, 61), (9, 62), (10, 33), (10, 41), (11, 47), (11, 52), (12, 54), (12, 55), (13, 53), (13, 54), (14, 42), (14, 43), (15, 39), (15, 40), (16, 34), (16, 35), (17, 62), (17, 63), (18, 35), (18, 36), (19, 52), (19, 53), (20, 60), (20, 61), (21, 34), (21, 65), (22, 37), (22, 38), (23, 39), (23, 46), (24, 51), (24, 59), (25, 43), (25, 50), (26, 47), (26, 48), (27, 38), (27, 46), (28, 49), (28, 50), (29, 44), (29, 45), (30, 40), (30, 48), (31, 56), (31, 64), (32, 33), (32, 65)]"
34,11.785209399620289,0.018435001373291016,"[(0, 38), (0, 40), (1, 49), (1, 57), (2, 37), (2, 39), (3, 33), (3, 34), (4, 53), (4, 54), (5, 63), (5, 64), (6, 59), (6, 60), (7, 49), (7, 50), (8, 38), (8, 48), (9, 47), (9, 55), (10, 39), (10, 40), (11, 42), (11, 43), (12, 37), (12, 46), (13, 34), (13, 42), (14, 52), (14, 54), (15, 55), (15, 56), (16, 36), (16, 46), (17, 61), (17, 62), (18, 44), (18, 45), (19, 56), (19, 64), (20, 57), (20, 58), (21, 41), (21, 53), (22, 43), (22, 44), (23, 62), (23, 63), (24, 50), (24, 51), (25, 41), (25, 65), (26, 35), (26, 36), (27, 58), (27, 59), (28, 51), (28, 52), (29, 35), (29, 45), (30, 60), (30, 61), (31, 47), (31, 48), (32, 33), (32, 65)]"
35,11.739416573591278,0.014255046844482422,"[(0, 34), (0, 43), (1, 63), (1, 64), (2, 36), (2, 37), (3, 39), (3, 47), (4, 37), (4, 38), (5, 38), (5, 46), (6, 34), (6, 42), (7, 49), (7, 57), (8, 35), (8, 43), (9, 41), (9, 42), (10, 61), (10, 62), (11, 49), (11, 50), (12, 48), (12, 56), (13, 39), (13, 40), (14, 55), (14, 64), (15, 58), (15, 59), (16, 40), (16, 48), (17, 36), (17, 44), (18, 57), (18, 58), (19, 55), (19, 56), (20, 45), (20, 46), (21, 52), (21, 53), (22, 45), (22, 47), (23, 51), (23, 60), (24, 33), (24, 41), (25, 50), (25, 65), (26, 51), (26, 52), (27, 53), (27, 54), (28, 62), (28, 63), (29, 35), (29, 44), (30, 54), (30, 61), (31, 59), (31, 60), (32, 33), (32, 65)]"
36,10.7169121640827,0.014974117279052734,"[(0, 58), (0, 59), (1, 35), (1, 36), (2, 35), (2, 43), (3, 49), (3, 57), (4, 60), (4, 61), (5, 52), (5, 53), (6, 61), (6, 62), (7, 33), (7, 41), (8, 36), (8, 37), (9, 44), (9, 45), (10, 34), (10, 42), (11, 42), (11, 43), (12, 40), (12, 48), (13, 33), (13, 65), (14, 55), (14, 56), (15, 38), (15, 39), (16, 63), (16, 64), (17, 44), (17, 51), (18, 54), (18, 63), (19, 37), (19, 38), (20, 40), (20, 47), (21, 39), (21, 48), (22, 51), (22, 52), (23, 49), (23, 50), (24, 54), (24, 62), (25, 57), (25, 58), (26, 45), (26, 46), (27, 53), (27, 55), (28, 56), (28, 64), (29, 41), (29, 50), (30, 46), (30, 47), (31, 59), (31, 60), (32, 34), (32, 65)]"
37,9.599749167811002,0.01346588134765625,"[(0, 35), (0, 43), (1, 45), (1, 46), (2, 53), (2, 54), (3, 56), (3, 64), (4, 34), (4, 43), (5, 52), (5, 59), (6, 63), (6, 64), (7, 60), (7, 61), (8, 36), (8, 44), (9, 53), (9, 62), (10, 44), (10, 45), (11, 35), (11, 36), (12, 61), (12, 62), (13, 50), (13, 58), (14, 55), (14, 56), (15, 57), (15, 58), (16, 49), (16, 57), (17, 59), (17, 60), (18, 40), (18, 48), (19, 40), (19, 47), (20, 42), (20, 49), (21, 54), (21, 63), (22, 38), (22, 39), (23, 37), (23, 38), (24, 37), (24, 46), (25, 50), (25, 51), (26, 41), (26, 42), (27, 39), (27, 47), (28, 33), (28, 34), (29, 48), (29, 55), (30, 51), (30, 52), (31, 41), (31, 65), (32, 33), (32, 65)]"
38,9.16632289863599,0.013355016708374023,"[(0, 34), (0, 35), (1, 43), (1, 44), (2, 52), (2, 53), (3, 62), (3, 63), (4, 40), (4, 48), (5, 38), (5, 46), (6, 50), (6, 57), (7, 33), (7, 34), (8, 38), (8, 47), (9, 41), (9, 42), (10, 54), (10, 63), (11, 59), (11, 60), (12, 33), (12, 65), (13, 55), (13, 64), (14, 48), (14, 56), (15, 44), (15, 53), (16, 39), (16, 47), (17, 58), (17, 59), (18, 36), (18, 37), (19, 49), (19, 57), (20, 39), (20, 40), (21, 37), (21, 45), (22, 45), (22, 46), (23, 35), (23, 36), (24, 60), (24, 61), (25, 42), (25, 43), (26, 49), (26, 58), (27, 56), (27, 64), (28, 54), (28, 55), (29, 50), (29, 51), (30, 61), (30, 62), (31, 51), (31, 52), (32, 41), (32, 65)]"
39,11.040642485255209,0.012221097946166992,"[(0, 38), (0, 39), (1, 53), (1, 62), (2, 62), (2, 63), (3, 54), (3, 55), (4, 46), (4, 47), (5, 50), (5, 51), (6, 49), (6, 57), (7, 37), (7, 38), (8, 37), (8, 44), (9, 63), (9, 64), (10, 39), (10, 40), (11, 45), (11, 50), (12, 55), (12, 56), (13, 35), (13, 36), (14, 40), (14, 48), (15, 53), (15, 60), (16, 33), (16, 34), (17, 42), (17, 49), (18, 52), (18, 61), (19, 54), (19, 61), (20, 59), (20, 60), (21, 56), (21, 64), (22, 36), (22, 43), (23, 57), (23, 58), (24, 51), (24, 52), (25, 58), (25, 59), (26, 41), (26, 65), (27, 43), (27, 44), (28, 47), (28, 48), (29, 34), (29, 42), (30, 45), (30, 46), (31, 35), (31, 41), (32, 33), (32, 65)]"
40,9.19237394927245,0.08568000793457031,"[(0, 56), (0, 64), (1, 55), (1, 63), (2, 57), (2, 58), (3, 47), (3, 48), (4, 52), (4, 60), (5, 44), (5, 45), (6, 48), (6, 56), (7, 33), (7, 65), (8, 37), (8, 45), (9, 51), (9, 52), (10, 54), (10, 55), (11, 50), (11, 51), (12, 35), (12, 36), (13, 53), (13, 61), (14, 37), (14, 38), (15, 53), (15, 62), (16, 58), (16, 59), (17, 46), (17, 47), (18, 49), (18, 57), (19, 63), (19, 64), (20, 34), (20, 35), (21, 42), (21, 43), (22, 54), (22, 62), (23, 43), (23, 49), (24, 33), (24, 42), (25, 38), (25, 39), (26, 60), (26, 61), (27, 36), (27, 44), (28, 40), (28, 46), (29, 34), (29, 41), (30, 50), (30, 59), (31, 39), (31, 40), (32, 41), (32, 65)]"
41,12.161310427974993,0.02915191650390625,"[(0, 47), (0, 48), (1, 46), (1, 47), (2, 43), (2, 44), (3, 56), (3, 64), (4, 40), (4, 48), (5, 53), (5, 54), (6, 57), (6, 58), (7, 44), (7, 45), (8, 36), (8, 45), (9, 52), (9, 53), (10, 34), (10, 35), (11, 49), (11, 57), (12, 54), (12, 55), (13, 55), (13, 56), (14, 60), (14, 61), (15, 61), (15, 62), (16, 49), (16, 50), (17, 39), (17, 40), (18, 37), (18, 38), (19, 42), (19, 50), (20, 38), (20, 39), (21, 59), (21, 60), (22, 41), (22, 42), (23, 35), (23, 43), (24, 51), (24, 59), (25, 33), (25, 34), (26, 63), (26, 64), (27, 36), (27, 37), (28, 51), (28, 58), (29, 46), (29, 52), (30, 33), (30, 65), (31, 62), (31, 63), (32, 41), (32, 65)]"
42,10.717736679658053,0.02193593978881836,"[(0, 37), (0, 44), (1, 53), (1, 62), (2, 49), (2, 50), (3, 46), (3, 54), (4, 35), (4, 36), (5, 58), (5, 59), (6, 39), (6, 40), (7, 60), (7, 61), (8, 46), (8, 47), (9, 45), (9, 50), (10, 38), (10, 39), (11, 41), (11, 42), (12, 49), (12, 57), (13, 53), (13, 61), (14, 56), (14, 64), (15, 36), (15, 45), (16, 51), (16, 52), (17, 62), (17, 63), (18, 52), (18, 60), (19, 42), (19, 43), (20, 57), (20, 58), (21, 55), (21, 56), (22, 51), (22, 59), (23, 54), (23, 55), (24, 43), (24, 44), (25, 47), (25, 48), (26, 34), (26, 35), (27, 37), (27, 38), (28, 63), (28, 64), (29, 40), (29, 48), (30, 33), (30, 34), (31, 41), (31, 65), (32, 33), (32, 65)]"
43,9.100677293447289,0.05488991737365723,"[(0, 33), (0, 34), (1, 60), (1, 61), (2, 41), (2, 50), (3, 59), (3, 60), (4, 52), (4, 53), (5, 58), (5, 59), (6, 44), (6, 45), (7, 35), (7, 42), (8, 37), (8, 38), (9, 62), (9, 63), (10, 39), (10, 40), (11, 55), (11, 56), (12, 56), (12, 64), (13, 38), (13, 39), (14, 34), (14, 42), (15, 46), (15, 47), (16, 45), (16, 46), (17, 35), (17, 36), (18, 51), (18, 52), (19, 43), (19, 44), (20, 57), (20, 58), (21, 53), (21, 54), (22, 40), (22, 48), (23, 49), (23, 50), (24, 47), (24, 48), (25, 54), (25, 55), (26, 63), (26, 64), (27, 61), (27, 62), (28, 41), (28, 65), (29, 43), (29, 51), (30, 36), (30, 37), (31, 49), (31, 57), (32, 33), (32, 65)]"
44,10.601300827899836,0.019064903259277344,"[(0, 49), (0, 57), (1, 50), (1, 57), (2, 55), (2, 63), (3, 54), (3, 55), (4, 37), (4, 46), (5, 36), (5, 44), (6, 45), (6, 53), (7, 54), (7, 62), (8, 42), (8, 49), (9, 39), (9, 47), (10, 38), (10, 46), (11, 33), (11, 34), (12, 53), (12, 62), (13, 41), (13, 43), (14, 34), (14, 35), (15, 38), (15, 47), (16, 36), (16, 37), (17, 35), (17, 42), (18, 43), (18, 44), (19, 40), (19, 56), (20, 59), (20, 60), (21, 41), (21, 65), (22, 40), (22, 48), (23, 39), (23, 48), (24, 45), (24, 51), (25, 56), (25, 64), (26, 52), (26, 61), (27, 63), (27, 64), (28, 50), (28, 58), (29, 60), (29, 61), (30, 51), (30, 52), (31, 58), (31, 59), (32, 33), (32, 65)]"
45,13.580885223240955,0.01462697982788086,"[(0, 40), (0, 47), (1, 53), (1, 54), (2, 55), (2, 62), (3, 35), (3, 36), (4, 50), (4, 51), (5, 51), (5, 59), (6, 57), (6, 58), (7, 54), (7, 62), (8, 39), (8, 47), (9, 49), (9, 57), (10, 49), (10, 65), (11, 52), (11, 61), (12, 50), (12, 58), (13, 36), (13, 43), (14, 37), (14, 44), (15, 38), (15, 46), (16, 35), (16, 42), (17, 34), (17, 41), (18, 43), (18, 44), (19, 48), (19, 56), (20, 52), (20, 60), (21, 55), (21, 63), (22, 41), (22, 42), (23, 37), (23, 45), (24, 33), (24, 34), (25, 38), (25, 39), (26, 45), (26, 46), (27, 63), (27, 64), (28, 40), (28, 48), (29, 59), (29, 60), (30, 53), (30, 61), (31, 56), (31, 64), (32, 33), (32, 65)]"
46,8.699600586580733,0.016186952590942383,"[(0, 49), (0, 50), (1, 46), (1, 54), (2, 42), (2, 43), (3, 57), (3, 58), (4, 61), (4, 62), (5, 51), (5, 52), (6, 34), (6, 35), (7, 40), (7, 48), (8, 44), (8, 45), (9, 36), (9, 37), (10, 56), (10, 63), (11, 40), (11, 47), (12, 33), (12, 65), (13, 39), (13, 47), (14, 50), (14, 51), (15, 59), (15, 60), (16, 56), (16, 64), (17, 41), (17, 42), (18, 49), (18, 57), (19, 53), (19, 54), (20, 35), (20, 36), (21, 33), (21, 41), (22, 37), (22, 38), (23, 58), (23, 59), (24, 62), (24, 63), (25, 43), (25, 44), (26, 52), (26, 53), (27, 45), (27, 46), (28, 38), (28, 39), (29, 60), (29, 61), (30, 55), (30, 64), (31, 48), (31, 55), (32, 34), (32, 65)]"
47,10.883426866460837,0.013100147247314453,"[(0, 53), (0, 54), (1, 51), (1, 58), (2, 46), (2, 47), (3, 49), (3, 57), (4, 47), (4, 48), (5, 62), (5, 63), (6, 40), (6, 48), (7, 59), (7, 60), (8, 44), (8, 45), (9, 45), (9, 46), (10, 33), (10, 65), (11, 39), (11, 40), (12, 50), (12, 51), (13, 42), (13, 43), (14, 52), (14, 61), (15, 55), (15, 56), (16, 54), (16, 55), (17, 36), (17, 37), (18, 50), (18, 57), (19, 41), (19, 49), (20, 35), (20, 43), (21, 34), (21, 42), (22, 35), (22, 36), (23, 58), (23, 59), (24, 52), (24, 60), (25, 63), (25, 64), (26, 56), (26, 64), (27, 33), (27, 34), (28, 38), (28, 39), (29, 44), (29, 53), (30, 37), (30, 38), (31, 61), (31, 62), (32, 41), (32, 65)]"
48,11.089606404530233,0.016412019729614258,"[(0, 39), (0, 47), (1, 40), (1, 48), (2, 38), (2, 39), (3, 33), (3, 65), (4, 35), (4, 42), (5, 57), (5, 58), (6, 63), (6, 64), (7, 56), (7, 61), (8, 51), (8, 52), (9, 45), (9, 46), (10, 35), (10, 36), (11, 43), (11, 44), (12, 34), (12, 43), (13, 49), (13, 57), (14, 41), (14, 42), (15, 53), (15, 60), (16, 53), (16, 54), (17, 56), (17, 64), (18, 62), (18, 63), (19, 52), (19, 60), (20, 44), (20, 45), (21, 49), (21, 50), (22, 50), (22, 51), (23, 37), (23, 38), (24, 46), (24, 59), (25, 55), (25, 62), (26, 36), (26, 37), (27, 48), (27, 55), (28, 54), (28, 61), (29, 40), (29, 47), (30, 58), (30, 59), (31, 33), (31, 41), (32, 34), (32, 65)]"
49,14.014953291903831,0.01399993896484375,"[(0, 34), (0, 43), (1, 56), (1, 64), (2, 36), (2, 44), (3, 60), (3, 61), (4, 37), (4, 38), (5, 45), (5, 46), (6, 38), (6, 47), (7, 35), (7, 44), (8, 35), (8, 43), (9, 57), (9, 58), (10, 52), (10, 60), (11, 42), (11, 50), (12, 49), (12, 57), (13, 46), (13, 48), (14, 36), (14, 37), (15, 50), (15, 58), (16, 62), (16, 63), (17, 55), (17, 56), (18, 39), (18, 47), (19, 39), (19, 40), (20, 33), (20, 34), (21, 61), (21, 62), (22, 54), (22, 64), (23, 40), (23, 48), (24, 49), (24, 59), (25, 53), (25, 54), (26, 53), (26, 63), (27, 51), (27, 52), (28, 51), (28, 59), (29, 45), (29, 55), (30, 41), (30, 42), (31, 41), (31, 65), (32, 33), (32, 65)]"
50,9.297629376448697,0.011995077133178711,"[(0, 37), (0, 45), (1, 39), (1, 40), (2, 50), (2, 51), (3, 47), (3, 48), (4, 34), (4, 35), (5, 50), (5, 58), (6, 51), (6, 52), (7, 46), (7, 47), (8, 35), (8, 36), (9, 41), (9, 42), (10, 49), (10, 57), (11, 38), (11, 39), (12, 52), (12, 59), (13, 38), (13, 45), (14, 57), (14, 58), (15, 54), (15, 62), (16, 42), (16, 65), (17, 43), (17, 44), (18, 60), (18, 61), (19, 33), (19, 34), (20, 40), (20, 48), (21, 36), (21, 43), (22, 62), (22, 63), (23, 41), (23, 49), (24, 53), (24, 54), (25, 56), (25, 64), (26, 55), (26, 56), (27, 63), (27, 64), (28, 46), (28, 55), (29, 59), (29, 60), (30, 53), (30, 61), (31, 37), (31, 44), (32, 33), (32, 65)]"
51,12.644326232185863,0.04907393455505371,"[(0, 40), (0, 47), (1, 34), (1, 42), (2, 46), (2, 55), (3, 61), (3, 62), (4, 39), (4, 40), (5, 37), (5, 45), (6, 49), (6, 50), (7, 33), (7, 43), (8, 63), (8, 64), (9, 34), (9, 35), (10, 41), (10, 42), (11, 51), (11, 58), (12, 41), (12, 65), (13, 55), (13, 56), (14, 54), (14, 63), (15, 35), (15, 50), (16, 46), (16, 48), (17, 52), (17, 62), (18, 52), (18, 53), (19, 56), (19, 64), (20, 60), (20, 61), (21, 49), (21, 51), (22, 36), (22, 43), (23, 37), (23, 38), (24, 36), (24, 44), (25, 47), (25, 48), (26, 44), (26, 45), (27, 57), (27, 58), (28, 53), (28, 54), (29, 57), (29, 59), (30, 59), (30, 60), (31, 38), (31, 39), (32, 33), (32, 65)]"
52,10.680166106746691,0.041812896728515625,"[(0, 42), (0, 49), (1, 60), (1, 61), (2, 38), (2, 40), (3, 36), (3, 37), (4, 41), (4, 42), (5, 44), (5, 45), (6, 57), (6, 58), (7, 34), (7, 65), (8, 48), (8, 64), (9, 52), (9, 53), (10, 54), (10, 63), (11, 35), (11, 43), (12, 35), (12, 36), (13, 45), (13, 46), (14, 37), (14, 38), (15, 50), (15, 51), (16, 61), (16, 62), (17, 53), (17, 55), (18, 55), (18, 63), (19, 44), (19, 50), (20, 39), (20, 40), (21, 46), (21, 47), (22, 49), (22, 57), (23, 39), (23, 48), (24, 58), (24, 59), (25, 56), (25, 64), (26, 59), (26, 60), (27, 34), (27, 43), (28, 54), (28, 62), (29, 33), (29, 41), (30, 47), (30, 56), (31, 51), (31, 52), (32, 33), (32, 65)]"
53,10.534313652371985,0.025552034378051758,"[(0, 39), (0, 47), (1, 39), (1, 40), (2, 38), (2, 46), (3, 54), (3, 61), (4, 40), (4, 48), (5, 62), (5, 63), (6, 53), (6, 54), (7, 35), (7, 37), (8, 44), (8, 45), (9, 56), (9, 64), (10, 61), (10, 62), (11, 41), (11, 65), (12, 33), (12, 34), (13, 34), (13, 35), (14, 55), (14, 56), (15, 41), (15, 42), (16, 43), (16, 44), (17, 46), (17, 47), (18, 52), (18, 60), (19, 59), (19, 60), (20, 52), (20, 53), (21, 48), (21, 64), (22, 36), (22, 37), (23, 42), (23, 51), (24, 50), (24, 51), (25, 58), (25, 59), (26, 57), (26, 58), (27, 49), (27, 57), (28, 55), (28, 63), (29, 49), (29, 50), (30, 38), (30, 45), (31, 36), (31, 43), (32, 33), (32, 65)]"
54,10.235713704239032,0.02939891815185547,"[(0, 49), (0, 50), (1, 52), (1, 61), (2, 35), (2, 36), (3, 63), (3, 64), (4, 34), (4, 43), (5, 43), (5, 44), (6, 48), (6, 56), (7, 55), (7, 63), (8, 53), (8, 54), (9, 58), (9, 59), (10, 45), (10, 46), (11, 36), (11, 38), (12, 35), (12, 44), (13, 55), (13, 62), (14, 39), (14, 47), (15, 49), (15, 57), (16, 52), (16, 53), (17, 40), (17, 48), (18, 50), (18, 51), (19, 39), (19, 40), (20, 54), (20, 62), (21, 59), (21, 60), (22, 42), (22, 51), (23, 57), (23, 58), (24, 33), (24, 41), (25, 56), (25, 64), (26, 37), (26, 38), (27, 34), (27, 65), (28, 60), (28, 61), (29, 46), (29, 47), (30, 37), (30, 45), (31, 41), (31, 42), (32, 33), (32, 65)]"
55,9.90430085927908,0.022171974182128906,"[(0, 38), (0, 39), (1, 45), (1, 46), (2, 33), (2, 41), (3, 42), (3, 44), (4, 35), (4, 36), (5, 36), (5, 37), (6, 55), (6, 56), (7, 59), (7, 60), (8, 46), (8, 47), (9, 41), (9, 49), (10, 33), (10, 65), (11, 49), (11, 57), (12, 56), (12, 64), (13, 40), (13, 48), (14, 37), (14, 45), (15, 43), (15, 58), (16, 63), (16, 64), (17, 34), (17, 35), (18, 42), (18, 43), (19, 50), (19, 57), (20, 50), (20, 51), (21, 60), (21, 61), (22, 58), (22, 59), (23, 47), (23, 48), (24, 53), (24, 54), (25, 51), (25, 52), (26, 61), (26, 62), (27, 39), (27, 40), (28, 62), (28, 63), (29, 52), (29, 53), (30, 38), (30, 44), (31, 54), (31, 55), (32, 34), (32, 65)]"
56,12.414363638750544,0.04497408866882324,"[(0, 47), (0, 48), (1, 52), (1, 60), (2, 62), (2, 63), (3, 44), (3, 50), (4, 53), (4, 62), (5, 51), (5, 59), (6, 42), (6, 43), (7, 38), (7, 39), (8, 60), (8, 61), (9, 55), (9, 56), (10, 55), (10, 63), (11, 56), (11, 64), (12, 47), (12, 54), (13, 33), (13, 65), (14, 41), (14, 42), (15, 39), (15, 40), (16, 53), (16, 61), (17, 51), (17, 58), (18, 43), (18, 44), (19, 49), (19, 57), (20, 36), (20, 37), (21, 49), (21, 50), (22, 52), (22, 59), (23, 33), (23, 41), (24, 38), (24, 46), (25, 34), (25, 35), (26, 35), (26, 36), (27, 45), (27, 46), (28, 37), (28, 45), (29, 40), (29, 48), (30, 54), (30, 64), (31, 57), (31, 58), (32, 34), (32, 65)]"
57,11.562132363694989,0.07307696342468262,"[(0, 45), (0, 46), (1, 36), (1, 37), (2, 52), (2, 60), (3, 48), (3, 56), (4, 41), (4, 65), (5, 56), (5, 64), (6, 59), (6, 60), (7, 44), (7, 45), (8, 49), (8, 50), (9, 38), (9, 40), (10, 41), (10, 42), (11, 43), (11, 44), (12, 55), (12, 64), (13, 33), (13, 34), (14, 46), (14, 54), (15, 62), (15, 63), (16, 34), (16, 35), (17, 53), (17, 54), (18, 57), (18, 58), (19, 58), (19, 59), (20, 50), (20, 51), (21, 47), (21, 48), (22, 49), (22, 57), (23, 37), (23, 38), (24, 39), (24, 40), (25, 51), (25, 61), (26, 35), (26, 36), (27, 42), (27, 43), (28, 39), (28, 47), (29, 55), (29, 63), (30, 61), (30, 62), (31, 52), (31, 53), (32, 33), (32, 65)]"
58,11.676255502820766,0.015124082565307617,"[(0, 41), (0, 65), (1, 52), (1, 60), (2, 60), (2, 61), (3, 35), (3, 43), (4, 57), (4, 58), (5, 40), (5, 48), (6, 47), (6, 48), (7, 53), (7, 62), (8, 54), (8, 62), (9, 55), (9, 56), (10, 36), (10, 45), (11, 46), (11, 47), (12, 46), (12, 55), (13, 33), (13, 34), (14, 49), (14, 50), (15, 58), (15, 59), (16, 41), (16, 50), (17, 51), (17, 59), (18, 53), (18, 61), (19, 34), (19, 42), (20, 63), (20, 64), (21, 54), (21, 63), (22, 43), (22, 44), (23, 37), (23, 38), (24, 39), (24, 40), (25, 36), (25, 44), (26, 38), (26, 39), (27, 37), (27, 45), (28, 56), (28, 64), (29, 35), (29, 42), (30, 49), (30, 57), (31, 51), (31, 52), (32, 33), (32, 65)]"
59,11.363417346252255,0.0587010383605957,"[(0, 36), (0, 44), (1, 35), (1, 44), (2, 61), (2, 62), (3, 38), (3, 39), (4, 43), (4, 53), (5, 40), (5, 48), (6, 58), (6, 59), (7, 37), (7, 45), (8, 36), (8, 37), (9, 45), (9, 46), (10, 35), (10, 41), (11, 55), (11, 56), (12, 33), (12, 34), (13, 46), (13, 47), (14, 60), (14, 61), (15, 51), (15, 52), (16, 42), (16, 43), (17, 39), (17, 40), (18, 54), (18, 62), (19, 49), (19, 50), (20, 63), (20, 64), (21, 57), (21, 58), (22, 38), (22, 47), (23, 34), (23, 41), (24, 56), (24, 64), (25, 59), (25, 60), (26, 50), (26, 51), (27, 54), (27, 63), (28, 52), (28, 53), (29, 42), (29, 65), (30, 48), (30, 55), (31, 49), (31, 57), (32, 33), (32, 65)]"
60,11.768449485426515,0.056982994079589844,"[(0, 39), (0, 40), (1, 53), (1, 55), (2, 33), (2, 34), (3, 58), (3, 59), (4, 60), (4, 61), (5, 38), (5, 47), (6, 53), (6, 54), (7, 62), (7, 63), (8, 52), (8, 60), (9, 37), (9, 44), (10, 63), (10, 64), (11, 45), (11, 46), (12, 48), (12, 54), (13, 46), (13, 47), (14, 37), (14, 45), (15, 49), (15, 57), (16, 38), (16, 40), (17, 51), (17, 59), (18, 61), (18, 62), (19, 55), (19, 56), (20, 41), (20, 42), (21, 41), (21, 49), (22, 36), (22, 43), (23, 50), (23, 58), (24, 50), (24, 57), (25, 35), (25, 36), (26, 35), (26, 65), (27, 43), (27, 44), (28, 34), (28, 42), (29, 39), (29, 48), (30, 51), (30, 52), (31, 56), (31, 64), (32, 33), (32, 65)]"
61,11.677204604229786,0.02322101593017578,"[(0, 54), (0, 55), (1, 34), (1, 35), (2, 50), (2, 57), (3, 44), (3, 45), (4, 34), (4, 65), (5, 63), (5, 64), (6, 61), (6, 62), (7, 39), (7, 40), (8, 41), (8, 49), (9, 36), (9, 37), (10, 50), (10, 58), (11, 45), (11, 46), (12, 42), (12, 43), (13, 33), (13, 41), (14, 59), (14, 60), (15, 56), (15, 64), (16, 42), (16, 54), (17, 49), (17, 57), (18, 47), (18, 48), (19, 52), (19, 53), (20, 51), (20, 52), (21, 37), (21, 38), (22, 51), (22, 62), (23, 43), (23, 44), (24, 58), (24, 59), (25, 46), (25, 47), (26, 60), (26, 61), (27, 55), (27, 56), (28, 53), (28, 63), (29, 38), (29, 39), (30, 35), (30, 36), (31, 40), (31, 48), (32, 33), (32, 65)]"
62,11.222845092048342,0.1074070930480957,"[(0, 37), (0, 45), (1, 63), (1, 64), (2, 39), (2, 40), (3, 40), (3, 48), (4, 55), (4, 56), (5, 34), (5, 35), (6, 43), (6, 51), (7, 54), (7, 62), (8, 49), (8, 57), (9, 52), (9, 53), (10, 33), (10, 41), (11, 53), (11, 61), (12, 44), (12, 45), (13, 49), (13, 50), (14, 38), (14, 39), (15, 50), (15, 51), (16, 56), (16, 64), (17, 57), (17, 58), (18, 35), (18, 36), (19, 47), (19, 48), (20, 59), (20, 60), (21, 54), (21, 63), (22, 61), (22, 62), (23, 58), (23, 59), (24, 47), (24, 55), (25, 52), (25, 60), (26, 41), (26, 42), (27, 42), (27, 43), (28, 44), (28, 46), (29, 36), (29, 37), (30, 33), (30, 65), (31, 38), (31, 46), (32, 34), (32, 65)]"
63,9.135979470934378,0.054306983947753906,"[(0, 55), (0, 56), (1, 58), (1, 59), (2, 51), (2, 52), (3, 38), (3, 39), (4, 61), (4, 62), (5, 49), (5, 50), (6, 54), (6, 61), (7, 47), (7, 48), (8, 41), (8, 42), (9, 39), (9, 40), (10, 33), (10, 34), (11, 51), (11, 59), (12, 49), (12, 57), (13, 41), (13, 65), (14, 53), (14, 60), (15, 45), (15, 46), (16, 44), (16, 50), (17, 38), (17, 46), (18, 45), (18, 55), (19, 56), (19, 64), (20, 36), (20, 37), (21, 43), (21, 44), (22, 40), (22, 48), (23, 57), (23, 58), (24, 63), (24, 64), (25, 35), (25, 36), (26, 37), (26, 47), (27, 53), (27, 54), (28, 42), (28, 43), (29, 34), (29, 35), (30, 62), (30, 63), (31, 52), (31, 60), (32, 33), (32, 65)]"
64,10.640144809319466,0.06170988082885742,"[(0, 49), (0, 50), (1, 34), (1, 65), (2, 33), (2, 41), (3, 43), (3, 44), (4, 36), (4, 37), (5, 63), (5, 64), (6, 53), (6, 54), (7, 56), (7, 64), (8, 37), (8, 45), (9, 60), (9, 61), (10, 41), (10, 42), (11, 38), (11, 46), (12, 42), (12, 43), (13, 46), (13, 47), (14, 51), (14, 52), (15, 39), (15, 40), (16, 34), (16, 35), (17, 38), (17, 45), (18, 55), (18, 56), (19, 40), (19, 47), (20, 44), (20, 52), (21, 62), (21, 63), (22, 61), (22, 62), (23, 58), (23, 59), (24, 57), (24, 58), (25, 48), (25, 53), (26, 49), (26, 57), (27, 39), (27, 48), (28, 54), (28, 55), (29, 35), (29, 36), (30, 59), (30, 60), (31, 50), (31, 51), (32, 33), (32, 65)]"
65,9.778826902267223,0.019938945770263672,"[(0, 39), (0, 48), (1, 55), (1, 56), (2, 36), (2, 37), (3, 52), (3, 60), (4, 58), (4, 59), (5, 50), (5, 51), (6, 62), (6, 63), (7, 52), (7, 53), (8, 38), (8, 46), (9, 49), (9, 57), (10, 49), (10, 50), (11, 43), (11, 44), (12, 63), (12, 64), (13, 57), (13, 58), (14, 34), (14, 35), (15, 54), (15, 55), (16, 33), (16, 65), (17, 53), (17, 61), (18, 59), (18, 60), (19, 42), (19, 43), (20, 44), (20, 45), (21, 47), (21, 54), (22, 37), (22, 46), (23, 35), (23, 36), (24, 56), (24, 64), (25, 45), (25, 51), (26, 39), (26, 40), (27, 41), (27, 42), (28, 38), (28, 40), (29, 33), (29, 41), (30, 47), (30, 48), (31, 61), (31, 62), (32, 34), (32, 65)]"
66,16.22125219469993,0.03177785873413086,"[(0, 37), (0, 45), (1, 33), (1, 41), (2, 55), (2, 63), (3, 52), (3, 53), (4, 61), (4, 62), (5, 54), (5, 61), (6, 62), (6, 63), (7, 36), (7, 44), (8, 46), (8, 47), (9, 55), (9, 64), (10, 39), (10, 47), (11, 43), (11, 50), (12, 36), (12, 37), (13, 39), (13, 48), (14, 59), (14, 60), (15, 49), (15, 57), (16, 43), (16, 44), (17, 40), (17, 56), (18, 52), (18, 59), (19, 34), (19, 35), (20, 40), (20, 48), (21, 57), (21, 58), (22, 38), (22, 46), (23, 56), (23, 64), (24, 51), (24, 60), (25, 34), (25, 65), (26, 41), (26, 42), (27, 53), (27, 54), (28, 50), (28, 58), (29, 35), (29, 51), (30, 42), (30, 49), (31, 38), (31, 45), (32, 33), (32, 65)]"
67,10.489233180213319,0.013876914978027344,"[(0, 63), (0, 64), (1, 49), (1, 50), (2, 36), (2, 44), (3, 54), (3, 55), (4, 38), (4, 46), (5, 38), (5, 39), (6, 36), (6, 37), (7, 45), (7, 46), (8, 37), (8, 45), (9, 53), (9, 61), (10, 47), (10, 56), (11, 58), (11, 59), (12, 59), (12, 60), (13, 35), (13, 42), (14, 53), (14, 55), (15, 43), (15, 44), (16, 40), (16, 48), (17, 41), (17, 51), (18, 47), (18, 48), (19, 52), (19, 61), (20, 54), (20, 62), (21, 34), (21, 42), (22, 57), (22, 58), (23, 39), (23, 40), (24, 62), (24, 63), (25, 34), (25, 65), (26, 52), (26, 60), (27, 49), (27, 57), (28, 35), (28, 43), (29, 33), (29, 41), (30, 56), (30, 64), (31, 50), (31, 51), (32, 33), (32, 65)]"
68,11.308577935155183,0.017560958862304688,"[(0, 54), (0, 55), (1, 49), (1, 59), (2, 34), (2, 41), (3, 55), (3, 60), (4, 56), (4, 64), (5, 45), (5, 46), (6, 61), (6, 62), (7, 57), (7, 58), (8, 46), (8, 48), (9, 62), (9, 63), (10, 60), (10, 61), (11, 52), (11, 53), (12, 37), (12, 44), (13, 49), (13, 57), (14, 63), (14, 64), (15, 52), (15, 59), (16, 50), (16, 58), (17, 39), (17, 40), (18, 38), (18, 47), (19, 33), (19, 34), (20, 36), (20, 37), (21, 47), (21, 56), (22, 35), (22, 65), (23, 43), (23, 51), (24, 38), (24, 39), (25, 53), (25, 54), (26, 42), (26, 43), (27, 44), (27, 45), (28, 41), (28, 42), (29, 50), (29, 51), (30, 35), (30, 36), (31, 40), (31, 48), (32, 33), (32, 65)]"
69,11.815847584002357,0.04728388786315918,"[(0, 63), (0, 64), (1, 41), (1, 42), (2, 53), (2, 54), (3, 38), (3, 39), (4, 42), (4, 43), (5, 51), (5, 58), (6, 49), (6, 57), (7, 61), (7, 62), (8, 56), (8, 64), (9, 46), (9, 47), (10, 39), (10, 40), (11, 35), (11, 43), (12, 54), (12, 55), (13, 36), (13, 38), (14, 51), (14, 60), (15, 34), (15, 65), (16, 44), (16, 50), (17, 56), (17, 62), (18, 37), (18, 45), (19, 40), (19, 48), (20, 55), (20, 63), (21, 35), (21, 36), (22, 46), (22, 52), (23, 49), (23, 50), (24, 33), (24, 41), (25, 47), (25, 48), (26, 44), (26, 45), (27, 34), (27, 37), (28, 52), (28, 59), (29, 57), (29, 58), (30, 60), (30, 61), (31, 53), (31, 59), (32, 33), (32, 65)]"
70,11.455435148775035,0.017084121704101562,"[(0, 58), (0, 59), (1, 42), (1, 43), (2, 45), (2, 46), (3, 49), (3, 50), (4, 55), (4, 56), (5, 36), (5, 37), (6, 50), (6, 51), (7, 56), (7, 64), (8, 39), (8, 40), (9, 33), (9, 65), (10, 51), (10, 52), (11, 37), (11, 54), (12, 34), (12, 35), (13, 61), (13, 62), (14, 59), (14, 60), (15, 33), (15, 34), (16, 38), (16, 40), (17, 63), (17, 64), (18, 53), (18, 54), (19, 49), (19, 57), (20, 57), (20, 58), (21, 46), (21, 47), (22, 44), (22, 45), (23, 60), (23, 61), (24, 43), (24, 44), (25, 39), (25, 48), (26, 52), (26, 53), (27, 38), (27, 55), (28, 62), (28, 63), (29, 47), (29, 48), (30, 41), (30, 42), (31, 35), (31, 36), (32, 41), (32, 65)]"
71,12.56813648165098,0.10987091064453125,"[(0, 49), (0, 58), (1, 57), (1, 58), (2, 57), (2, 59), (3, 42), (3, 43), (4, 40), (4, 47), (5, 60), (5, 61), (6, 41), (6, 65), (7, 52), (7, 60), (8, 44), (8, 45), (9, 51), (9, 59), (10, 35), (10, 43), (11, 37), (11, 46), (12, 53), (12, 54), (13, 35), (13, 36), (14, 55), (14, 56), (15, 63), (15, 64), (16, 37), (16, 45), (17, 39), (17, 53), (18, 50), (18, 52), (19, 38), (19, 47), (20, 41), (20, 49), (21, 55), (21, 61), (22, 39), (22, 48), (23, 54), (23, 62), (24, 38), (24, 46), (25, 34), (25, 42), (26, 62), (26, 63), (27, 40), (27, 48), (28, 50), (28, 51), (29, 33), (29, 34), (30, 36), (30, 44), (31, 56), (31, 64), (32, 33), (32, 65)]"
72,11.645198174317287,0.020399093627929688,"[(0, 52), (0, 58), (1, 39), (1, 47), (2, 44), (2, 45), (3, 49), (3, 50), (4, 46), (4, 47), (5, 54), (5, 62), (6, 63), (6, 64), (7, 33), (7, 43), (8, 57), (8, 58), (9, 36), (9, 37), (10, 39), (10, 40), (11, 54), (11, 63), (12, 34), (12, 42), (13, 52), (13, 53), (14, 59), (14, 60), (15, 37), (15, 38), (16, 55), (16, 56), (17, 61), (17, 62), (18, 48), (18, 55), (19, 50), (19, 51), (20, 40), (20, 48), (21, 56), (21, 64), (22, 45), (22, 53), (23, 35), (23, 43), (24, 38), (24, 46), (25, 41), (25, 42), (26, 41), (26, 65), (27, 35), (27, 36), (28, 49), (28, 57), (29, 51), (29, 59), (30, 34), (30, 44), (31, 60), (31, 61), (32, 33), (32, 65)]"
73,10.18234535053361,0.02563786506652832,"[(0, 58), (0, 59), (1, 46), (1, 53), (2, 43), (2, 44), (3, 38), (3, 39), (4, 34), (4, 35), (5, 50), (5, 57), (6, 33), (6, 34), (7, 41), (7, 65), (8, 63), (8, 64), (9, 39), (9, 40), (10, 61), (10, 62), (11, 55), (11, 63), (12, 52), (12, 60), (13, 37), (13, 44), (14, 35), (14, 36), (15, 41), (15, 42), (16, 37), (16, 45), (17, 51), (17, 59), (18, 36), (18, 43), (19, 47), (19, 56), (20, 60), (20, 61), (21, 47), (21, 48), (22, 38), (22, 46), (23, 54), (23, 55), (24, 51), (24, 52), (25, 57), (25, 58), (26, 45), (26, 53), (27, 54), (27, 62), (28, 49), (28, 50), (29, 42), (29, 49), (30, 56), (30, 64), (31, 40), (31, 48), (32, 33), (32, 65)]"
74,9.498658820190034,0.06548309326171875,"[(0, 40), (0, 48), (1, 56), (1, 64), (2, 44), (2, 45), (3, 35), (3, 43), (4, 51), (4, 60), (5, 42), (5, 43), (6, 41), (6, 50), (7, 36), (7, 45), (8, 39), (8, 46), (9, 40), (9, 47), (10, 62), (10, 64), (11, 48), (11, 56), (12, 46), (12, 47), (13, 41), (13, 65), (14, 49), (14, 57), (15, 38), (15, 39), (16, 49), (16, 50), (17, 59), (17, 60), (18, 51), (18, 52), (19, 33), (19, 34), (20, 57), (20, 58), (21, 54), (21, 55), (22, 37), (22, 38), (23, 54), (23, 61), (24, 53), (24, 61), (25, 62), (25, 63), (26, 35), (26, 44), (27, 58), (27, 59), (28, 52), (28, 53), (29, 36), (29, 37), (30, 34), (30, 42), (31, 55), (31, 63), (32, 33), (32, 65)]"
75,11.487670329454048,0.06926298141479492,"[(0, 63), (0, 64), (1, 41), (1, 42), (2, 42), (2, 43), (3, 54), (3, 61), (4, 55), (4, 62), (5, 39), (5, 40), (6, 50), (6, 51), (7, 45), (7, 46), (8, 37), (8, 46), (9, 62), (9, 63), (10, 54), (10, 55), (11, 56), (11, 64), (12, 47), (12, 48), (13, 59), (13, 60), (14, 33), (14, 34), (15, 34), (15, 49), (16, 41), (16, 65), (17, 52), (17, 60), (18, 36), (18, 47), (19, 44), (19, 50), (20, 44), (20, 53), (21, 51), (21, 52), (22, 35), (22, 43), (23, 40), (23, 48), (24, 38), (24, 39), (25, 57), (25, 58), (26, 37), (26, 38), (27, 53), (27, 61), (28, 45), (28, 56), (29, 35), (29, 36), (30, 49), (30, 57), (31, 58), (31, 59), (32, 33), (32, 65)]"
76,12.941557501744764,0.08948612213134766,"[(0, 35), (0, 36), (1, 39), (1, 56), (2, 55), (2, 63), (3, 43), (3, 44), (4, 36), (4, 43), (5, 50), (5, 57), (6, 61), (6, 62), (7, 41), (7, 49), (8, 57), (8, 58), (9, 62), (9, 63), (10, 40), (10, 47), (11, 38), (11, 47), (12, 59), (12, 60), (13, 53), (13, 54), (14, 40), (14, 48), (15, 37), (15, 45), (16, 39), (16, 48), (17, 52), (17, 60), (18, 53), (18, 61), (19, 58), (19, 59), (20, 38), (20, 46), (21, 51), (21, 54), (22, 41), (22, 65), (23, 44), (23, 45), (24, 49), (24, 50), (25, 56), (25, 64), (26, 34), (26, 42), (27, 51), (27, 52), (28, 37), (28, 46), (29, 55), (29, 64), (30, 33), (30, 42), (31, 34), (31, 35), (32, 33), (32, 65)]"
77,12.602908974869631,0.055744171142578125,"[(0, 39), (0, 40), (1, 50), (1, 57), (2, 56), (2, 64), (3, 47), (3, 48), (4, 46), (4, 47), (5, 40), (5, 48), (6, 36), (6, 44), (7, 36), (7, 45), (8, 52), (8, 53), (9, 35), (9, 42), (10, 35), (10, 43), (11, 63), (11, 64), (12, 34), (12, 42), (13, 33), (13, 34), (14, 62), (14, 63), (15, 52), (15, 59), (16, 55), (16, 56), (17, 49), (17, 57), (18, 37), (18, 46), (19, 38), (19, 62), (20, 51), (20, 59), (21, 53), (21, 60), (22, 43), (22, 44), (23, 37), (23, 45), (24, 41), (24, 49), (25, 50), (25, 58), (26, 41), (26, 65), (27, 54), (27, 55), (28, 60), (28, 61), (29, 38), (29, 39), (30, 51), (30, 58), (31, 54), (31, 61), (32, 33), (32, 65)]"
78,10.504117075921762,0.027770042419433594,"[(0, 40), (0, 47), (1, 41), (1, 43), (2, 44), (2, 45), (3, 36), (3, 37), (4, 62), (4, 63), (5, 45), (5, 55), (6, 39), (6, 46), (7, 34), (7, 42), (8, 52), (8, 61), (9, 35), (9, 36), (10, 57), (10, 58), (11, 38), (11, 39), (12, 56), (12, 64), (13, 50), (13, 58), (14, 53), (14, 61), (15, 41), (15, 42), (16, 33), (16, 34), (17, 54), (17, 62), (18, 48), (18, 56), (19, 54), (19, 55), (20, 57), (20, 59), (21, 49), (21, 65), (22, 44), (22, 53), (23, 40), (23, 48), (24, 49), (24, 50), (25, 46), (25, 47), (26, 51), (26, 60), (27, 51), (27, 52), (28, 59), (28, 60), (29, 35), (29, 43), (30, 63), (30, 64), (31, 37), (31, 38), (32, 33), (32, 65)]"
79,11.84231712616435,0.018830060958862305,"[(0, 63), (0, 64), (1, 47), (1, 48), (2, 53), (2, 61), (3, 52), (3, 53), (4, 55), (4, 56), (5, 35), (5, 43), (6, 44), (6, 45), (7, 56), (7, 64), (8, 59), (8, 60), (9, 50), (9, 58), (10, 54), (10, 55), (11, 44), (11, 54), (12, 42), (12, 43), (13, 36), (13, 37), (14, 40), (14, 48), (15, 37), (15, 38), (16, 51), (16, 59), (17, 45), (17, 46), (18, 34), (18, 49), (19, 57), (19, 58), (20, 35), (20, 36), (21, 49), (21, 57), (22, 41), (22, 65), (23, 33), (23, 34), (24, 62), (24, 63), (25, 46), (25, 47), (26, 61), (26, 62), (27, 52), (27, 60), (28, 50), (28, 51), (29, 38), (29, 39), (30, 41), (30, 42), (31, 39), (31, 40), (32, 33), (32, 65)]"
80,11.74230034815631,0.022500991821289062,"[(0, 56), (0, 64), (1, 34), (1, 45), (2, 48), (2, 56), (3, 46), (3, 47), (4, 58), (4, 59), (5, 39), (5, 40), (6, 37), (6, 38), (7, 52), (7, 61), (8, 41), (8, 65), (9, 53), (9, 54), (10, 50), (10, 51), (11, 36), (11, 37), (12, 55), (12, 63), (13, 41), (13, 42), (14, 40), (14, 46), (15, 49), (15, 57), (16, 47), (16, 48), (17, 42), (17, 43), (18, 44), (18, 54), (19, 50), (19, 57), (20, 49), (20, 58), (21, 35), (21, 43), (22, 36), (22, 45), (23, 59), (23, 60), (24, 33), (24, 34), (25, 35), (25, 44), (26, 61), (26, 62), (27, 51), (27, 52), (28, 63), (28, 64), (29, 55), (29, 62), (30, 38), (30, 39), (31, 53), (31, 60), (32, 33), (32, 65)]"
81,11.756446147767022,0.16416382789611816,"[(0, 51), (0, 60), (1, 42), (1, 43), (2, 39), (2, 40), (3, 37), (3, 38), (4, 63), (4, 64), (5, 53), (5, 62), (6, 54), (6, 55), (7, 41), (7, 50), (8, 49), (8, 50), (9, 45), (9, 46), (10, 57), (10, 58), (11, 55), (11, 56), (12, 41), (12, 42), (13, 38), (13, 39), (14, 36), (14, 37), (15, 56), (15, 64), (16, 40), (16, 48), (17, 47), (17, 48), (18, 49), (18, 57), (19, 60), (19, 61), (20, 35), (20, 43), (21, 34), (21, 36), (22, 33), (22, 35), (23, 58), (23, 59), (24, 44), (24, 54), (25, 34), (25, 65), (26, 51), (26, 52), (27, 52), (27, 53), (28, 44), (28, 45), (29, 46), (29, 47), (30, 62), (30, 63), (31, 59), (31, 61), (32, 33), (32, 65)]"
82,10.438712027651789,0.07572102546691895,"[(0, 38), (0, 46), (1, 51), (1, 52), (2, 37), (2, 44), (3, 57), (3, 58), (4, 62), (4, 63), (5, 40), (5, 48), (6, 50), (6, 51), (7, 47), (7, 48), (8, 52), (8, 59), (9, 55), (9, 56), (10, 34), (10, 42), (11, 44), (11, 45), (12, 63), (12, 64), (13, 50), (13, 58), (14, 41), (14, 65), (15, 36), (15, 37), (16, 60), (16, 61), (17, 45), (17, 46), (18, 35), (18, 36), (19, 33), (19, 43), (20, 42), (20, 43), (21, 47), (21, 55), (22, 39), (22, 40), (23, 59), (23, 60), (24, 49), (24, 57), (25, 53), (25, 54), (26, 54), (26, 62), (27, 38), (27, 39), (28, 53), (28, 61), (29, 34), (29, 35), (30, 56), (30, 64), (31, 41), (31, 49), (32, 33), (32, 65)]"
83,9.962730258354146,0.020121097564697266,"[(0, 60), (0, 61), (1, 41), (1, 65), (2, 46), (2, 47), (3, 54), (3, 55), (4, 41), (4, 42), (5, 47), (5, 53), (6, 52), (6, 53), (7, 42), (7, 43), (8, 56), (8, 64), (9, 49), (9, 51), (10, 55), (10, 56), (11, 34), (11, 35), (12, 40), (12, 48), (13, 48), (13, 54), (14, 39), (14, 40), (15, 43), (15, 44), (16, 49), (16, 57), (17, 57), (17, 58), (18, 35), (18, 36), (19, 61), (19, 62), (20, 44), (20, 45), (21, 38), (21, 39), (22, 45), (22, 46), (23, 37), (23, 38), (24, 33), (24, 34), (25, 63), (25, 64), (26, 59), (26, 60), (27, 62), (27, 63), (28, 50), (28, 59), (29, 50), (29, 58), (30, 51), (30, 52), (31, 36), (31, 37), (32, 33), (32, 65)]"
84,8.769933760799411,0.043823957443237305,"[(0, 40), (0, 47), (1, 36), (1, 38), (2, 37), (2, 45), (3, 33), (3, 41), (4, 43), (4, 44), (5, 63), (5, 64), (6, 37), (6, 44), (7, 62), (7, 64), (8, 39), (8, 48), (9, 34), (9, 42), (10, 43), (10, 51), (11, 49), (11, 57), (12, 50), (12, 58), (13, 40), (13, 48), (14, 56), (14, 63), (15, 35), (15, 36), (16, 55), (16, 56), (17, 50), (17, 57), (18, 45), (18, 46), (19, 52), (19, 55), (20, 41), (20, 49), (21, 46), (21, 47), (22, 33), (22, 65), (23, 53), (23, 54), (24, 35), (24, 42), (25, 51), (25, 52), (26, 59), (26, 60), (27, 61), (27, 62), (28, 54), (28, 61), (29, 58), (29, 59), (30, 53), (30, 60), (31, 38), (31, 39), (32, 34), (32, 65)]"
85,11.114616856718378,0.03235793113708496,"[(0, 46), (0, 54), (1, 52), (1, 53), (2, 37), (2, 45), (3, 59), (3, 60), (4, 43), (4, 44), (5, 38), (5, 39), (6, 41), (6, 42), (7, 40), (7, 48), (8, 56), (8, 64), (9, 57), (9, 58), (10, 52), (10, 60), (11, 44), (11, 45), (12, 34), (12, 35), (13, 34), (13, 65), (14, 61), (14, 62), (15, 46), (15, 47), (16, 50), (16, 51), (17, 42), (17, 49), (18, 36), (18, 43), (19, 47), (19, 48), (20, 63), (20, 64), (21, 54), (21, 55), (22, 37), (22, 38), (23, 50), (23, 58), (24, 51), (24, 59), (25, 35), (25, 36), (26, 39), (26, 40), (27, 62), (27, 63), (28, 49), (28, 57), (29, 55), (29, 56), (30, 53), (30, 61), (31, 33), (31, 41), (32, 33), (32, 65)]"
86,11.72041549259712,0.038971900939941406,"[(0, 39), (0, 47), (1, 62), (1, 63), (2, 61), (2, 62), (3, 49), (3, 50), (4, 36), (4, 37), (5, 45), (5, 47), (6, 51), (6, 58), (7, 41), (7, 49), (8, 50), (8, 51), (9, 37), (9, 38), (10, 52), (10, 53), (11, 39), (11, 40), (12, 52), (12, 60), (13, 56), (13, 64), (14, 33), (14, 34), (15, 57), (15, 58), (16, 48), (16, 55), (17, 57), (17, 59), (18, 42), (18, 43), (19, 54), (19, 55), (20, 40), (20, 48), (21, 34), (21, 42), (22, 35), (22, 44), (23, 41), (23, 65), (24, 54), (24, 56), (25, 63), (25, 64), (26, 35), (26, 43), (27, 45), (27, 46), (28, 53), (28, 61), (29, 36), (29, 44), (30, 59), (30, 60), (31, 38), (31, 46), (32, 33), (32, 65)]"
87,10.2549807373264,0.06627988815307617,"[(0, 36), (0, 37), (1, 35), (1, 36), (2, 53), (2, 60), (3, 44), (3, 45), (4, 54), (4, 61), (5, 46), (5, 47), (6, 57), (6, 58), (7, 35), (7, 43), (8, 40), (8, 48), (9, 38), (9, 44), (10, 50), (10, 51), (11, 33), (11, 34), (12, 37), (12, 38), (13, 61), (13, 62), (14, 62), (14, 63), (15, 48), (15, 56), (16, 39), (16, 40), (17, 51), (17, 52), (18, 41), (18, 65), (19, 54), (19, 55), (20, 42), (20, 43), (21, 49), (21, 57), (22, 49), (22, 50), (23, 34), (23, 52), (24, 58), (24, 59), (25, 63), (25, 64), (26, 56), (26, 64), (27, 59), (27, 60), (28, 41), (28, 42), (29, 39), (29, 47), (30, 45), (30, 46), (31, 53), (31, 55), (32, 33), (32, 65)]"
88,11.103314695482474,0.1318659782409668,"[(0, 37), (0, 38), (1, 47), (1, 48), (2, 39), (2, 40), (3, 59), (3, 60), (4, 60), (4, 61), (5, 62), (5, 63), (6, 53), (6, 54), (7, 39), (7, 46), (8, 56), (8, 64), (9, 40), (9, 48), (10, 58), (10, 59), (11, 52), (11, 53), (12, 36), (12, 44), (13, 42), (13, 44), (14, 41), (14, 42), (15, 63), (15, 64), (16, 43), (16, 55), (17, 45), (17, 46), (18, 34), (18, 65), (19, 35), (19, 43), (20, 47), (20, 56), (21, 50), (21, 51), (22, 51), (22, 52), (23, 57), (23, 58), (24, 49), (24, 50), (25, 34), (25, 35), (26, 54), (26, 55), (27, 33), (27, 41), (28, 49), (28, 57), (29, 36), (29, 37), (30, 61), (30, 62), (31, 38), (31, 45), (32, 33), (32, 65)]"
89,10.331323529884568,0.10063409805297852,"[(0, 49), (0, 57), (1, 36), (1, 45), (2, 39), (2, 47), (3, 43), (3, 44), (4, 40), (4, 47), (5, 60), (5, 61), (6, 56), (6, 64), (7, 34), (7, 43), (8, 41), (8, 65), (9, 41), (9, 53), (10, 34), (10, 35), (11, 55), (11, 62), (12, 45), (12, 46), (13, 38), (13, 46), (14, 40), (14, 48), (15, 63), (15, 64), (16, 52), (16, 53), (17, 48), (17, 56), (18, 38), (18, 39), (19, 59), (19, 60), (20, 51), (20, 52), (21, 42), (21, 44), (22, 54), (22, 55), (23, 62), (23, 63), (24, 35), (24, 37), (25, 50), (25, 51), (26, 54), (26, 61), (27, 33), (27, 42), (28, 36), (28, 37), (29, 57), (29, 58), (30, 49), (30, 50), (31, 58), (31, 59), (32, 33), (32, 65)]"
90,9.547875635459022,0.02052593231201172,"[(0, 45), (0, 46), (1, 52), (1, 60), (2, 57), (2, 58), (3, 54), (3, 55), (4, 56), (4, 64), (5, 63), (5, 64), (6, 53), (6, 54), (7, 51), (7, 61), (8, 55), (8, 56), (9, 61), (9, 62), (10, 35), (10, 36), (11, 49), (11, 57), (12, 49), (12, 50), (13, 59), (13, 60), (14, 39), (14, 40), (15, 46), (15, 47), (16, 58), (16, 59), (17, 42), (17, 52), (18, 41), (18, 65), (19, 43), (19, 44), (20, 41), (20, 42), (21, 38), (21, 39), (22, 34), (22, 35), (23, 62), (23, 63), (24, 47), (24, 48), (25, 50), (25, 51), (26, 40), (26, 48), (27, 44), (27, 45), (28, 43), (28, 53), (29, 33), (29, 34), (30, 36), (30, 37), (31, 37), (31, 38), (32, 33), (32, 65)]"
91,9.74146442896346,0.06358504295349121,"[(0, 33), (0, 41), (1, 36), (1, 37), (2, 63), (2, 64), (3, 45), (3, 46), (4, 35), (4, 43), (5, 53), (5, 55), (6, 44), (6, 51), (7, 41), (7, 49), (8, 50), (8, 57), (9, 34), (9, 65), (10, 60), (10, 61), (11, 58), (11, 59), (12, 35), (12, 36), (13, 40), (13, 47), (14, 61), (14, 64), (15, 59), (15, 60), (16, 55), (16, 56), (17, 51), (17, 52), (18, 42), (18, 43), (19, 54), (19, 56), (20, 47), (20, 48), (21, 49), (21, 57), (22, 34), (22, 42), (23, 37), (23, 38), (24, 44), (24, 45), (25, 62), (25, 63), (26, 39), (26, 40), (27, 46), (27, 48), (28, 54), (28, 62), (29, 52), (29, 53), (30, 38), (30, 39), (31, 50), (31, 58), (32, 33), (32, 65)]"
92,11.458791368131479,0.0511929988861084,"[(0, 49), (0, 57), (1, 59), (1, 60), (2, 36), (2, 37), (3, 56), (3, 64), (4, 51), (4, 59), (5, 38), (5, 39), (6, 36), (6, 45), (7, 44), (7, 45), (8, 34), (8, 35), (9, 41), (9, 65), (10, 37), (10, 38), (11, 52), (11, 60), (12, 46), (12, 47), (13, 53), (13, 61), (14, 54), (14, 61), (15, 52), (15, 62), (16, 43), (16, 44), (17, 39), (17, 40), (18, 42), (18, 43), (19, 51), (19, 58), (20, 47), (20, 48), (21, 55), (21, 63), (22, 49), (22, 50), (23, 50), (23, 58), (24, 46), (24, 53), (25, 35), (25, 57), (26, 63), (26, 64), (27, 33), (27, 34), (28, 54), (28, 56), (29, 40), (29, 48), (30, 55), (30, 62), (31, 41), (31, 42), (32, 33), (32, 65)]"
93,10.126721109840144,0.044059038162231445,"[(0, 46), (0, 47), (1, 48), (1, 56), (2, 51), (2, 59), (3, 44), (3, 45), (4, 39), (4, 40), (5, 40), (5, 48), (6, 37), (6, 45), (7, 51), (7, 52), (8, 39), (8, 47), (9, 35), (9, 43), (10, 54), (10, 55), (11, 36), (11, 43), (12, 41), (12, 65), (13, 37), (13, 38), (14, 62), (14, 63), (15, 49), (15, 50), (16, 53), (16, 54), (17, 36), (17, 44), (18, 56), (18, 64), (19, 60), (19, 61), (20, 53), (20, 61), (21, 38), (21, 46), (22, 57), (22, 60), (23, 50), (23, 52), (24, 63), (24, 64), (25, 33), (25, 34), (26, 55), (26, 62), (27, 41), (27, 49), (28, 58), (28, 59), (29, 35), (29, 42), (30, 57), (30, 58), (31, 34), (31, 42), (32, 33), (32, 65)]"
94,9.048052414274695,0.040112972259521484,"[(0, 46), (0, 47), (1, 57), (1, 58), (2, 41), (2, 65), (3, 39), (3, 40), (4, 50), (4, 51), (5, 41), (5, 42), (6, 58), (6, 59), (7, 54), (7, 63), (8, 49), (8, 50), (9, 56), (9, 64), (10, 52), (10, 53), (11, 42), (11, 43), (12, 61), (12, 62), (13, 37), (13, 43), (14, 49), (14, 57), (15, 33), (15, 34), (16, 38), (16, 39), (17, 45), (17, 51), (18, 62), (18, 63), (19, 34), (19, 35), (20, 44), (20, 45), (21, 60), (21, 61), (22, 36), (22, 44), (23, 54), (23, 55), (24, 35), (24, 36), (25, 46), (25, 64), (26, 47), (26, 48), (27, 53), (27, 60), (28, 37), (28, 38), (29, 40), (29, 48), (30, 52), (30, 59), (31, 55), (31, 56), (32, 33), (32, 65)]"
95,10.752132452173626,0.01949620246887207,"[(0, 43), (0, 44), (1, 34), (1, 35), (2, 39), (2, 56), (3, 62), (3, 63), (4, 61), (4, 62), (5, 35), (5, 42), (6, 54), (6, 61), (7, 47), (7, 48), (8, 58), (8, 59), (9, 55), (9, 64), (10, 41), (10, 53), (11, 36), (11, 44), (12, 37), (12, 46), (13, 57), (13, 58), (14, 40), (14, 48), (15, 39), (15, 40), (16, 36), (16, 45), (17, 33), (17, 41), (18, 52), (18, 53), (19, 37), (19, 45), (20, 54), (20, 55), (21, 49), (21, 50), (22, 51), (22, 52), (23, 56), (23, 64), (24, 50), (24, 51), (25, 59), (25, 60), (26, 34), (26, 65), (27, 38), (27, 46), (28, 60), (28, 63), (29, 49), (29, 57), (30, 38), (30, 47), (31, 42), (31, 43), (32, 33), (32, 65)]"
96,10.247626220361148,0.02499103546142578,"[(0, 63), (0, 64), (1, 58), (1, 59), (2, 44), (2, 45), (3, 35), (3, 43), (4, 38), (4, 39), (5, 56), (5, 62), (6, 41), (6, 50), (7, 34), (7, 65), (8, 44), (8, 51), (9, 59), (9, 60), (10, 41), (10, 42), (11, 53), (11, 61), (12, 33), (12, 42), (13, 40), (13, 48), (14, 62), (14, 63), (15, 61), (15, 64), (16, 37), (16, 38), (17, 55), (17, 56), (18, 49), (18, 50), (19, 45), (19, 53), (20, 54), (20, 55), (21, 46), (21, 47), (22, 36), (22, 37), (23, 39), (23, 40), (24, 51), (24, 52), (25, 35), (25, 36), (26, 47), (26, 48), (27, 52), (27, 60), (28, 49), (28, 57), (29, 57), (29, 58), (30, 34), (30, 43), (31, 46), (31, 54), (32, 33), (32, 65)]"
97,12.714450287692175,0.3133809566497803,"[(0, 43), (0, 51), (1, 34), (1, 42), (2, 56), (2, 64), (3, 59), (3, 60), (4, 53), (4, 54), (5, 34), (5, 35), (6, 36), (6, 37), (7, 50), (7, 51), (8, 38), (8, 45), (9, 52), (9, 61), (10, 49), (10, 50), (11, 36), (11, 44), (12, 39), (12, 47), (13, 49), (13, 57), (14, 58), (14, 59), (15, 33), (15, 41), (16, 53), (16, 61), (17, 52), (17, 60), (18, 46), (18, 47), (19, 57), (19, 58), (20, 40), (20, 48), (21, 39), (21, 40), (22, 35), (22, 65), (23, 48), (23, 56), (24, 54), (24, 62), (25, 55), (25, 62), (26, 37), (26, 38), (27, 63), (27, 64), (28, 45), (28, 46), (29, 41), (29, 44), (30, 55), (30, 63), (31, 42), (31, 43), (32, 33), (32, 65)]"
98,11.437366030650896,0.057682037353515625,"[(0, 37), (0, 44), (1, 47), (1, 54), (2, 62), (2, 63), (3, 38), (3, 39), (4, 45), (4, 46), (5, 37), (5, 38), (6, 49), (6, 51), (7, 34), (7, 35), (8, 61), (8, 62), (9, 52), (9, 53), (10, 33), (10, 65), (11, 43), (11, 44), (12, 63), (12, 64), (13, 51), (13, 52), (14, 36), (14, 42), (15, 54), (15, 56), (16, 40), (16, 48), (17, 57), (17, 59), (18, 36), (18, 45), (19, 33), (19, 41), (20, 49), (20, 50), (21, 60), (21, 61), (22, 55), (22, 56), (23, 59), (23, 60), (24, 35), (24, 43), (25, 47), (25, 48), (26, 46), (26, 53), (27, 50), (27, 58), (28, 41), (28, 42), (29, 55), (29, 64), (30, 39), (30, 40), (31, 57), (31, 58), (32, 34), (32, 65)]"
99,12.633047141466701,0.020447969436645508,"[(0, 41), (0, 57), (1, 52), (1, 53), (2, 37), (2, 45), (3, 56), (3, 63), (4, 33), (4, 65), (5, 56), (5, 64), (6, 53), (6, 61), (7, 52), (7, 60), (8, 38), (8, 40), (9, 39), (9, 48), (10, 38), (10, 47), (11, 33), (11, 34), (12, 46), (12, 48), (13, 59), (13, 60), (14, 49), (14, 57), (15, 50), (15, 58), (16, 54), (16, 55), (17, 35), (17, 36), (18, 55), (18, 64), (19, 43), (19, 44), (20, 47), (20, 54), (21, 49), (21, 58), (22, 42), (22, 43), (23, 51), (23, 59), (24, 39), (24, 40), (25, 34), (25, 42), (26, 50), (26, 51), (27, 61), (27, 62), (28, 35), (28, 44), (29, 62), (29, 63), (30, 45), (30, 46), (31, 36), (31, 37), (32, 41), (32, 65)]"
